Datetime,Water Level (m)
2025-07-13 06:00:00,1.414306
2025-07-13 07:00:00,1.5193952
2025-07-13 08:00:00,1.409726
2025-07-13 09:00:00,1.0455304
2025-07-13 10:00:00,0.6709277
2025-07-13 11:00:00,0.3229566
2025-07-13 12:00:00,0.05717656
2025-07-13 13:00:00,-0.15973873
2025-07-13 14:00:00,-0.31124496
2025-07-13 15:00:00,-0.22271541
2025-07-13 16:00:00,0.43367893
2025-07-13 17:00:00,0.906376
2025-07-13 18:00:00,1.2769345
2025-07-13 19:00:00,1.3630822
2025-07-13 20:00:00,1.2093741
2025-07-13 21:00:00,0.8651537
2025-07-13 22:00:00,0.5290179
2025-07-13 23:00:00,0.23294032
2025-07-14 00:00:00,0.01617029
2025-07-14 01:00:00,-0.16820157
2025-07-14 02:00:00,-0.26424375
2025-07-14 03:00:00,-0.070122875
2025-07-14 04:00:00,0.5667758
2025-07-14 05:00:00,1.1154591
2025-07-14 06:00:00,1.5646977
2025-07-14 07:00:00,1.7570103
2025-07-14 08:00:00,1.7308534
2025-07-14 09:00:00,1.4368069
2025-07-14 10:00:00,1.0236884
2025-07-14 11:00:00,0.64336014
2025-07-14 12:00:00,0.34775385
2025-07-14 13:00:00,0.10234617
2025-07-14 14:00:00,-0.10165488
2025-07-14 15:00:00,-0.202319
2025-07-14 16:00:00,0.11060174
2025-07-14 17:00:00,0.66377604
2025-07-14 18:00:00,1.0731597
2025-07-14 19:00:00,1.354576
2025-07-14 20:00:00,1.402652
2025-07-14 21:00:00,1.2361662
2025-07-14 22:00:00,0.87883353
2025-07-14 23:00:00,0.53540194
2025-07-15 00:00:00,0.24206719
2025-07-15 01:00:00,0.019833816
2025-07-15 02:00:00,-0.15842082
2025-07-15 03:00:00,-0.23111981
2025-07-15 04:00:00,0.11659629
2025-07-15 05:00:00,0.6978834
2025-07-15 06:00:00,1.193499
2025-07-15 07:00:00,1.5489116
2025-07-15 08:00:00,1.6673529
2025-07-15 09:00:00,1.5454543
2025-07-15 10:00:00,1.1715962
2025-07-15 11:00:00,0.7910094
2025-07-15 12:00:00,0.44473407
2025-07-15 13:00:00,0.1818917
2025-07-15 14:00:00,-0.044900887
2025-07-15 15:00:00,-0.20923838
2025-07-15 16:00:00,-0.21708424
2025-07-15 17:00:00,0.29164234
2025-07-15 18:00:00,0.7494364
2025-07-15 19:00:00,1.1382244
2025-07-15 20:00:00,1.3440087
2025-07-15 21:00:00,1.3377764
2025-07-15 22:00:00,1.1090089
2025-07-15 23:00:00,0.7560157
2025-07-16 00:00:00,0.42200172
2025-07-16 01:00:00,0.15468475
2025-07-16 02:00:00,-0.052275624
2025-07-16 03:00:00,-0.20537832
2025-07-16 04:00:00,-0.18049031
2025-07-16 05:00:00,0.33255383
2025-07-16 06:00:00,0.813717
2025-07-16 07:00:00,1.2481612
2025-07-16 08:00:00,1.4947906
2025-07-16 09:00:00,1.5385168
2025-07-16 10:00:00,1.35653
2025-07-16 11:00:00,0.9883451
2025-07-16 12:00:00,0.62908083
2025-07-16 13:00:00,0.3225376
2025-07-16 14:00:00,0.08061812
2025-07-16 15:00:00,-0.11861415
2025-07-16 16:00:00,-0.23919694
2025-07-16 17:00:00,-0.120222546
2025-07-16 18:00:00,0.43902
2025-07-16 19:00:00,0.8533106
2025-07-16 20:00:00,1.1945126
2025-07-16 21:00:00,1.336658
2025-07-16 22:00:00,1.2958289
2025-07-16 23:00:00,1.0484158
2025-07-17 00:00:00,0.7194227
2025-07-17 01:00:00,0.4010836
2025-07-17 02:00:00,0.15779926
2025-07-17 03:00:00,-0.03369216
2025-07-17 04:00:00,-0.15352568
2025-07-17 05:00:00,-0.08101148
2025-07-17 06:00:00,0.42256716
2025-07-17 07:00:00,0.8572065
2025-07-17 08:00:00,1.2161206
2025-07-17 09:00:00,1.3777089
2025-07-17 10:00:00,1.3459154
2025-07-17 11:00:00,1.0992529
2025-07-17 12:00:00,0.758175
2025-07-17 13:00:00,0.42810643
2025-07-17 14:00:00,0.1701282
2025-07-17 15:00:00,-0.04221951
2025-07-17 16:00:00,-0.21041648
2025-07-17 17:00:00,-0.2882565
2025-07-17 18:00:00,-0.07793489
2025-07-17 19:00:00,0.43517178
2025-07-17 20:00:00,0.80828637
2025-07-17 21:00:00,1.1110841
2025-07-17 22:00:00,1.2318455
2025-07-17 23:00:00,1.1889751
2025-07-18 00:00:00,0.95857483
2025-07-18 01:00:00,0.6477817
2025-07-18 02:00:00,0.3568538
2025-07-18 03:00:00,0.13987729
2025-07-18 04:00:00,-0.023415651
2025-07-18 05:00:00,-0.11477035
2025-07-18 06:00:00,0.006789033
2025-07-18 07:00:00,0.45625722
2025-07-18 08:00:00,0.8271646
2025-07-18 09:00:00,1.1190691
2025-07-18 10:00:00,1.2300963
2025-07-18 11:00:00,1.1778262
2025-07-18 12:00:00,0.9522197
2025-07-18 13:00:00,0.64803576
2025-07-18 14:00:00,0.35619774
2025-07-18 15:00:00,0.1235696
2025-07-18 16:00:00,-0.06730749
2025-07-18 17:00:00,-0.21681227
2025-07-18 18:00:00,-0.2571247
2025-07-18 19:00:00,0.0048891297
2025-07-18 20:00:00,0.44311008
2025-07-18 21:00:00,0.79378086
2025-07-18 22:00:00,1.0686873
2025-07-18 23:00:00,1.1957444
2025-07-19 00:00:00,1.1829793
2025-07-19 01:00:00,1.0120865
2025-07-19 02:00:00,0.73038846
2025-07-19 03:00:00,0.4503114
2025-07-19 04:00:00,0.23653509
2025-07-19 05:00:00,0.081923425
2025-07-19 06:00:00,0.0016551766
